file,key,rule,note
projects,PRJ-004,duplicate project_id,
projects,PRJ-022,negative approved_budget,
projects,PRJ-047,duplicate project_id,
status_updates,SU-0217,unknown project_id,
status_updates,SU-0827,unreadable update_date,
status_updates,SU-0670,whitespace / casing (silent fix expected),
status_updates,SU-0684,unreadable update_date,
status_updates,SU-0536,whitespace / casing (silent fix expected),
status_updates,SU-0470,health outside allowed list,
status_updates,SU-0695,unreadable update_date,
status_updates,SU-0892,whitespace / casing (silent fix expected),
status_updates,SU-0896,unknown project_id,
status_updates,SU-0550,unreadable update_date,
status_updates,SU-0153,unknown project_id,
status_updates,SU-0759,health outside allowed list,
status_updates,SU-0594,health outside allowed list,
status_updates,SU-0239,health outside allowed list,
status_updates,SU-0074,unreadable update_date,
status_updates,SU-0038,whitespace / casing (silent fix expected),
status_updates,SU-0754,pct_complete outside 0 to 100,
status_updates,SU-0145,unknown project_id,
status_updates,SU-0501,unknown project_id,
status_updates,SU-0020,unreadable update_date,
status_updates,SU-0483,pct_complete outside 0 to 100,
status_updates,SU-0634,whitespace / casing (silent fix expected),
status_updates,SU-0047,unknown project_id,
status_updates,SU-0249,unknown project_id,
status_updates,SU-0719,unreadable update_date,
status_updates,SU-0665,whitespace / casing (silent fix expected),
status_updates,SU-0134,health outside allowed list,
status_updates,SU-0015,whitespace / casing (silent fix expected),
status_updates,SU-0177,unreadable update_date,
status_updates,SU-0648,whitespace / casing (silent fix expected),
status_updates,SU-0052,health outside allowed list,
status_updates,SU-0315,pct_complete outside 0 to 100,
status_updates,SU-0841,pct_complete outside 0 to 100,
status_updates,SU-0813,unknown project_id,
status_updates,SU-0100,health outside allowed list,
status_updates,SU-0468,whitespace / casing (silent fix expected),
status_updates,SU-0626,unreadable update_date,
status_updates,SU-0175,whitespace / casing (silent fix expected),
status_updates,SU-0856,health outside allowed list,
status_updates,SU-0606,whitespace / casing (silent fix expected),
status_updates,SU-0066,pct_complete outside 0 to 100,
status_updates,SU-0838,whitespace / casing (silent fix expected),
status_updates,SU-0109,whitespace / casing (silent fix expected),
status_updates,SU-0117,unreadable update_date,
status_updates,SU-0510,unreadable update_date,
status_updates,SU-0610,unreadable update_date,
status_updates,SU-0819,unreadable update_date,
status_updates,SU-0631,unknown project_id,
status_updates,SU-0226,unknown project_id,
status_updates,SU-0065,unreadable update_date,
status_updates,SU-0824,health outside allowed list,
status_updates,SU-0208,health outside allowed list,
status_updates,SU-0437,pct_complete outside 0 to 100,
status_updates,SU-0346,pct_complete outside 0 to 100,
status_updates,SU-0831,unreadable update_date,
status_updates,SU-0756,pct_complete outside 0 to 100,
status_updates,SU-0412,whitespace / casing (silent fix expected),
status_updates,SU-0333,unknown project_id,
status_updates,SU-0124,health outside allowed list,
status_updates,SU-0701,health outside allowed list,
status_updates,SU-0590,health outside allowed list,
status_updates,SU-0559,whitespace / casing (silent fix expected),
status_updates,SU-0141,unreadable update_date,
status_updates,SU-0330,health outside allowed list,
status_updates,SU-0857,unknown project_id,
status_updates,SU-0219,whitespace / casing (silent fix expected),
status_updates,SU-0783,health outside allowed list,
status_updates,SU-0608,health outside allowed list,
status_updates,SU-0178,unreadable update_date,
status_updates,SU-0344,whitespace / casing (silent fix expected),
status_updates,SU-0281,whitespace / casing (silent fix expected),
status_updates,SU-0776,pct_complete outside 0 to 100,
budget_lines,PRJ-035|2026-08-01,"duplicate (project_id, month)",
budget_lines,PRJ-017|2026-04-01,actual with no planned budget (warn),
budget_lines,PRJ-028|2026-03-01,"duplicate (project_id, month)",
budget_lines,PRJ-019|2026-06-01,non-numeric planned,
budget_lines,PRJ-010|2026-07-01,non-numeric planned,
budget_lines,PRJ-019|2026-05-01,"duplicate (project_id, month)",
budget_lines,PRJ-009|2026-08-01,non-numeric planned,
budget_lines,PRJ-020|2026-05-01,"duplicate (project_id, month)",
budget_lines,PRJ-035|2026-05-01,negative actual,
budget_lines,PRJ-017|2026-05-01,negative actual,
budget_lines,PRJ-033|2026-06-01,non-numeric planned,
budget_lines,PRJ-019|2026-01-01,"duplicate (project_id, month)",
budget_lines,PRJ-008|2026-04-01,negative actual,
budget_lines,PRJ-039|2026-10-01,actual with no planned budget (warn),
budget_lines,PRJ-040|2026-09-01,actual with no planned budget (warn),
budget_lines,PRJ-006|2026-10-01,actual with no planned budget (warn),
budget_lines,PRJ-037|2026-03-01,"duplicate (project_id, month)",
budget_lines,PRJ-012|2026-09-01,non-numeric planned,
budget_lines,PRJ-018|2026-05-01,"duplicate (project_id, month)",
budget_lines,PRJ-038|2026-03-01,non-numeric planned,
budget_lines,PRJ-015|2026-07-01,"duplicate (project_id, month)",
budget_lines,PRJ-034|2026-03-01,"duplicate (project_id, month)",
budget_lines,PRJ-033|2026-05-01,"duplicate (project_id, month)",
risks,RK-0023,probability outside 1 to 5,
risks,RK-0106,status outside allowed list,
risks,RK-0134,status outside allowed list,
risks,RK-0126,unknown project_id,
risks,RK-0056,probability outside 1 to 5,
risks,RK-0122,unknown project_id,
risks,RK-0119,probability outside 1 to 5,
risks,RK-0072,unknown project_id,
risks,RK-0004,probability outside 1 to 5,
risks,RK-0110,status outside allowed list,
risks,RK-0064,probability outside 1 to 5,
capacity,PM-002|PRJ-016|2026-04-13,unknown pm_id,
capacity,PM-006|PRJ-007|2026-04-20,negative allocated_hours,
capacity,PM-010|PRJ-048|2026-04-27,week_start is not a Monday (warn),
capacity,PM-010|PRJ-048|2026-07-20,negative allocated_hours,
capacity,PM-006|PRJ-005|2026-06-01,week_start is not a Monday (warn),
capacity,PM-002|PRJ-018|2026-03-23,negative allocated_hours,
capacity,PM-005|PRJ-044|2026-08-17,negative allocated_hours,
capacity,PM-006|PRJ-009|2026-06-29,"duplicate (pm_id, project_id, week_start)",
capacity,PM-005|PRJ-042|2026-06-08,week_start is not a Monday (warn),
capacity,PM-006|PRJ-002|2026-05-04,"duplicate (pm_id, project_id, week_start)",
capacity,PM-009|PRJ-035|2026-05-25,negative allocated_hours,
capacity,PM-002|PRJ-018|2026-08-24,week_start is not a Monday (warn),
capacity,PM-006|PRJ-007|2026-03-30,week_start is not a Monday (warn),
capacity,PM-006|PRJ-009|2026-05-18,unknown pm_id,
capacity,PM-004|PRJ-033|2026-05-25,negative allocated_hours,
capacity,PM-002|PRJ-018|2026-07-20,unknown pm_id,
capacity,PM-006|PRJ-007|2026-08-03,unknown pm_id,
capacity,PM-010|PRJ-047|2026-06-15,week_start is not a Monday (warn),
capacity,PM-001|PRJ-010|2026-06-01,unknown pm_id,
capacity,PM-009|PRJ-035|2026-04-27,negative allocated_hours,
capacity,PM-010|PRJ-041|2026-04-27,"duplicate (pm_id, project_id, week_start)",
capacity,PM-005|PRJ-043|2026-07-06,unknown pm_id,
capacity,PM-004|PRJ-034|2026-05-04,unknown pm_id,
capacity,PM-003|PRJ-023|2026-06-22,week_start is not a Monday (warn),
capacity,PM-005|PRJ-042|2026-03-16,week_start is not a Monday (warn),
capacity,PM-004|PRJ-033|2026-07-13,week_start is not a Monday (warn),
capacity,PM-004|PRJ-031|2026-05-25,"duplicate (pm_id, project_id, week_start)",
capacity,PM-007|PRJ-020|2026-08-03,week_start is not a Monday (warn),
capacity,PM-002|PRJ-016|2026-08-10,negative allocated_hours,
capacity,PM-001|PRJ-010|2026-06-29,negative allocated_hours,
capacity,PM-006|PRJ-004|2026-05-04,week_start is not a Monday (warn),
capacity,PM-008|PRJ-027|2026-05-11,week_start is not a Monday (warn),
capacity,PM-004|PRJ-036|2026-07-20,"duplicate (pm_id, project_id, week_start)",
capacity,PM-004|PRJ-032|2026-03-16,"duplicate (pm_id, project_id, week_start)",
capacity,PM-009|PRJ-035|2026-07-13,negative allocated_hours,
capacity,PM-006|PRJ-008|2026-04-06,"duplicate (pm_id, project_id, week_start)",
capacity,PM-006|PRJ-008|2026-08-17,week_start is not a Monday (warn),
capacity,PM-010|PRJ-047|2026-06-01,"duplicate (pm_id, project_id, week_start)",
capacity,PM-006|PRJ-009|2026-08-31,week_start is not a Monday (warn),
capacity,PM-001|PRJ-010|2026-08-24,negative allocated_hours,
capacity,PM-006|PRJ-009|2026-03-30,unknown pm_id,
capacity,PM-006|PRJ-005|2026-04-13,"duplicate (pm_id, project_id, week_start)",
capacity,PM-010|PRJ-048|2026-07-27,negative allocated_hours,
capacity,PM-003|PRJ-023|2026-07-13,negative allocated_hours,
capacity,PM-005|PRJ-042|2026-07-06,"duplicate (pm_id, project_id, week_start)",
capacity,PM-004|PRJ-032|2026-04-06,unknown pm_id,
capacity,PM-005|PRJ-042|2026-04-13,week_start is not a Monday (warn),
capacity,PM-007|PRJ-015|2026-06-15,negative allocated_hours,
capacity,PM-006|PRJ-007|2026-04-13,negative allocated_hours,
capacity,PM-007|PRJ-020|2026-06-29,unknown pm_id,
capacity,PM-001|PRJ-010|2026-03-16,week_start is not a Monday (warn),
capacity,PM-007|PRJ-020|2026-06-15,negative allocated_hours,
capacity,PM-002|PRJ-017|2026-06-22,unknown pm_id,
capacity,PM-005|PRJ-042|2026-05-18,"duplicate (pm_id, project_id, week_start)",
capacity,PM-009|PRJ-035|2026-04-13,unknown pm_id,
capacity,PM-004|PRJ-031|2026-08-17,unknown pm_id,
capacity,PM-002|PRJ-017|2026-03-23,negative allocated_hours,
capacity,PM-004|PRJ-034|2026-07-13,week_start is not a Monday (warn),
capacity,PM-005|PRJ-042|2026-08-24,"duplicate (pm_id, project_id, week_start)",
capacity,PM-010|PRJ-041|2026-06-15,unknown pm_id,
capacity,PM-004|PRJ-031|2026-06-22,"duplicate (pm_id, project_id, week_start)",
capacity,PM-009|PRJ-035|2026-06-01,week_start is not a Monday (warn),
capacity,PM-007|PRJ-020|2026-05-11,"duplicate (pm_id, project_id, week_start)",
capacity,PM-006|PRJ-009|2026-07-13,"duplicate (pm_id, project_id, week_start)",
milestones,MS-0189,unreadable forecast_date,
milestones,MS-0166,unreadable forecast_date,
milestones,MS-0006,unreadable forecast_date,
milestones,MS-0075,unreadable forecast_date,
milestones,MS-0049,unknown project_id,
milestones,MS-0017,unknown project_id,
milestones,MS-0060,unknown project_id,
milestones,MS-0134,unreadable forecast_date,
milestones,MS-0086,status outside allowed list,
milestones,MS-0106,unknown project_id,
milestones,MS-0149,status outside allowed list,
milestones,MS-0088,unknown project_id,
milestones,MS-0168,status outside allowed list,
milestones,MS-0084,unknown project_id,
milestones,MS-0125,unknown project_id,
milestones,MS-0152,unknown project_id,
