project_id,month,planned,actual
PRJ-002,2026-03-01,138333,118400
PRJ-002,2026-04-01,138333,147453
PRJ-002,2026-05-01,138333,121190
PRJ-002,2026-06-01,138333,155966
PRJ-002,2026-07-01,138333,138919
PRJ-002,2026-08-01,138333,127411
PRJ-004,2026-05-01,104375,125006
PRJ-004,2026-06-01,104375,107796
PRJ-004,2026-07-01,104375,97240
PRJ-004,2026-08-01,104375,100920
PRJ-004,2026-09-01,104375,110498
PRJ-004,2026-10-01,104375,
PRJ-004,2026-11-01,104375,
PRJ-004,2026-12-01,104375,
PRJ-005,2026-05-01,12500,13783
PRJ-005,2026-06-01,12500,12088
PRJ-005,2026-07-01,12500,14441
PRJ-005,2026-08-01,12500,15308
PRJ-005,2026-09-01,12500,16348
PRJ-005,2026-10-01,12500,
PRJ-005,2026-11-01,12500,
PRJ-005,2026-12-01,12500,
PRJ-006,2026-05-01,30000,30737
PRJ-006,2026-06-01,30000,31125
PRJ-006,2026-07-01,30000,27392
PRJ-006,2026-08-01,30000,32212
PRJ-006,2026-09-01,30000,29780
PRJ-006,2026-10-01,0,5000
PRJ-006,2026-11-01,30000,
PRJ-006,2026-12-01,30000,
PRJ-007,2026-05-01,101428,121241
PRJ-007,2026-06-01,101428,107132
PRJ-007,2026-07-01,101428,116094
PRJ-007,2026-08-01,101428,91737
PRJ-007,2026-09-01,101428,109992
PRJ-007,2026-10-01,101428,
PRJ-007,2026-11-01,101428,
PRJ-008,2026-04-01,85000,-101606
PRJ-008,2026-05-01,85000,95026
PRJ-008,2026-06-01,85000,122233
PRJ-008,2026-07-01,85000,128166
PRJ-008,2026-08-01,85000,123999
PRJ-008,2026-09-01,85000,123864
PRJ-008,2026-10-01,85000,
PRJ-008,2026-11-01,85000,
PRJ-008,2026-12-01,85000,
PRJ-009,2026-04-01,172000,
PRJ-009,2026-05-01,172000,
PRJ-009,2026-06-01,172000,
PRJ-009,2026-07-01,172000,
PRJ-009,2026-08-01,n/a,
PRJ-010,2026-02-01,65000,72632
PRJ-010,2026-03-01,65000,73184
PRJ-010,2026-04-01,65000,74291
PRJ-010,2026-05-01,65000,72492
PRJ-010,2026-06-01,65000,81830
PRJ-010,2026-07-01,n/a,61682
PRJ-010,2026-08-01,65000,66026
PRJ-010,2026-09-01,65000,65199
PRJ-011,2026-01-01,22000,19321
PRJ-011,2026-02-01,22000,22400
PRJ-011,2026-03-01,22000,21063
PRJ-011,2026-04-01,22000,17526
PRJ-011,2026-05-01,22000,20296
PRJ-011,2026-06-01,22000,20093
PRJ-011,2026-07-01,22000,19734
PRJ-011,2026-08-01,22000,18518
PRJ-011,2026-09-01,22000,21996
PRJ-011,2026-10-01,22000,
PRJ-012,2026-04-01,103333,103635
PRJ-012,2026-05-01,103333,117610
PRJ-012,2026-06-01,103333,117412
PRJ-012,2026-07-01,103333,118894
PRJ-012,2026-08-01,103333,90153
PRJ-012,2026-09-01,n/a,86700
PRJ-014,2026-02-01,18000,
PRJ-014,2026-03-01,18000,
PRJ-014,2026-04-01,18000,
PRJ-014,2026-05-01,18000,
PRJ-014,2026-06-01,18000,
PRJ-014,2026-07-01,18000,
PRJ-014,2026-08-01,18000,
PRJ-014,2026-09-01,18000,
PRJ-014,2026-10-01,18000,
PRJ-014,2026-11-01,18000,
PRJ-015,2026-01-01,41666,48936
PRJ-015,2026-02-01,41666,60846
PRJ-015,2026-03-01,41666,59862
PRJ-015,2026-04-01,41666,47299
PRJ-015,2026-05-01,41666,58059
PRJ-015,2026-06-01,41666,50604
PRJ-015,2026-07-01,41666,45267
PRJ-015,2026-08-01,41666,51030
PRJ-015,2026-09-01,41666,59456
PRJ-016,2026-03-01,17142,16596
PRJ-016,2026-04-01,17142,19794
PRJ-016,2026-05-01,17142,16262
PRJ-016,2026-06-01,17142,17728
PRJ-016,2026-07-01,17142,16893
PRJ-016,2026-08-01,17142,14521
PRJ-016,2026-09-01,17142,14081
PRJ-017,2026-04-01,0,143301
PRJ-017,2026-05-01,106666,-163309
PRJ-017,2026-06-01,106666,114882
PRJ-017,2026-07-01,106666,160265
PRJ-017,2026-08-01,106666,138692
PRJ-017,2026-09-01,106666,159049
PRJ-018,2026-02-01,140000,
PRJ-018,2026-03-01,140000,
PRJ-018,2026-04-01,140000,
PRJ-018,2026-05-01,140000,
PRJ-018,2026-06-01,140000,
PRJ-019,2026-01-01,88888,93976
PRJ-019,2026-02-01,88888,83987
PRJ-019,2026-03-01,88888,116705
PRJ-019,2026-04-01,88888,87393
PRJ-019,2026-05-01,88888,89966
PRJ-019,2026-06-01,n/a,98508
PRJ-019,2026-07-01,88888,105059
PRJ-019,2026-08-01,88888,118847
PRJ-019,2026-09-01,88888,100486
PRJ-020,2026-05-01,28125,32201
PRJ-020,2026-06-01,28125,24529
PRJ-020,2026-07-01,28125,23409
PRJ-020,2026-08-01,28125,26242
PRJ-020,2026-09-01,28125,33599
PRJ-020,2026-10-01,28125,
PRJ-020,2026-11-01,28125,
PRJ-020,2026-12-01,28125,
PRJ-021,2026-05-01,29000,30560
PRJ-021,2026-06-01,29000,23254
PRJ-021,2026-07-01,29000,26372
PRJ-021,2026-08-01,29000,32029
PRJ-021,2026-09-01,29000,25155
PRJ-022,2026-03-01,25555,24176
PRJ-022,2026-04-01,25555,26836
PRJ-022,2026-05-01,25555,20276
PRJ-022,2026-06-01,25555,25388
PRJ-022,2026-07-01,25555,25573
PRJ-022,2026-08-01,25555,23339
PRJ-022,2026-09-01,25555,28796
PRJ-022,2026-10-01,25555,
PRJ-022,2026-11-01,25555,
PRJ-023,2026-05-01,63333,53323
PRJ-023,2026-06-01,63333,67398
PRJ-023,2026-07-01,63333,72635
PRJ-023,2026-08-01,63333,78471
PRJ-023,2026-09-01,63333,76926
PRJ-023,2026-10-01,63333,
PRJ-026,2026-04-01,65000,65498
PRJ-026,2026-05-01,65000,80034
PRJ-026,2026-06-01,65000,78537
PRJ-026,2026-07-01,65000,67239
PRJ-026,2026-08-01,65000,80536
PRJ-026,2026-09-01,65000,70096
PRJ-026,2026-10-01,65000,
PRJ-026,2026-11-01,65000,
PRJ-026,2026-12-01,65000,
PRJ-027,2026-01-01,43125,34458
PRJ-027,2026-02-01,43125,41023
PRJ-027,2026-03-01,43125,37791
PRJ-027,2026-04-01,43125,33844
PRJ-027,2026-05-01,43125,33524
PRJ-027,2026-06-01,43125,48317
PRJ-027,2026-07-01,43125,40246
PRJ-027,2026-08-01,43125,41301
PRJ-028,2026-03-01,13571,14594
PRJ-028,2026-04-01,13571,18028
PRJ-028,2026-05-01,13571,18699
PRJ-028,2026-06-01,13571,14624
PRJ-028,2026-07-01,13571,18112
PRJ-028,2026-08-01,13571,14728
PRJ-028,2026-09-01,13571,13661
PRJ-031,2026-03-01,120714,102369
PRJ-031,2026-04-01,120714,112772
PRJ-031,2026-05-01,120714,151333
PRJ-031,2026-06-01,120714,112107
PRJ-031,2026-07-01,120714,102510
PRJ-031,2026-08-01,120714,126984
PRJ-031,2026-09-01,120714,107644
PRJ-032,2026-02-01,34375,47378
PRJ-032,2026-03-01,34375,36417
PRJ-032,2026-04-01,34375,51418
PRJ-032,2026-05-01,34375,40322
PRJ-032,2026-06-01,34375,45308
PRJ-032,2026-07-01,34375,36618
PRJ-032,2026-08-01,34375,53529
PRJ-032,2026-09-01,34375,47582
PRJ-033,2026-02-01,84000,
PRJ-033,2026-03-01,84000,
PRJ-033,2026-04-01,84000,
PRJ-033,2026-05-01,84000,
PRJ-033,2026-06-01,n/a,
PRJ-033,2026-07-01,84000,
PRJ-033,2026-08-01,84000,
PRJ-033,2026-09-01,84000,
PRJ-033,2026-10-01,84000,
PRJ-033,2026-11-01,84000,
PRJ-034,2026-03-01,66666,46426
PRJ-034,2026-04-01,66666,47957
PRJ-034,2026-05-01,66666,55403
PRJ-034,2026-06-01,66666,48134
PRJ-034,2026-07-01,66666,51061
PRJ-034,2026-08-01,66666,61241
PRJ-034,2026-09-01,66666,49990
PRJ-034,2026-10-01,66666,
PRJ-034,2026-11-01,66666,
PRJ-035,2026-01-01,105000,143614
PRJ-035,2026-02-01,105000,125640
PRJ-035,2026-03-01,105000,145326
PRJ-035,2026-04-01,105000,145371
PRJ-035,2026-05-01,105000,-123940
PRJ-035,2026-06-01,105000,142267
PRJ-035,2026-07-01,105000,116689
PRJ-035,2026-08-01,105000,154553
PRJ-036,2026-04-01,107500,91798
PRJ-036,2026-05-01,107500,95676
PRJ-036,2026-06-01,107500,83432
PRJ-036,2026-07-01,107500,101782
PRJ-036,2026-08-01,107500,91292
PRJ-036,2026-09-01,107500,95359
PRJ-036,2026-10-01,107500,
PRJ-036,2026-11-01,107500,
PRJ-037,2026-03-01,47142,53393
PRJ-037,2026-04-01,47142,56063
PRJ-037,2026-05-01,47142,44462
PRJ-037,2026-06-01,47142,45440
PRJ-037,2026-07-01,47142,40737
PRJ-037,2026-08-01,47142,48049
PRJ-037,2026-09-01,47142,54880
PRJ-038,2026-01-01,111666,170315
PRJ-038,2026-02-01,111666,135329
PRJ-038,2026-03-01,n/a,116291
PRJ-038,2026-04-01,111666,155131
PRJ-038,2026-05-01,111666,168791
PRJ-038,2026-06-01,111666,164631
PRJ-039,2026-05-01,11875,15401
PRJ-039,2026-06-01,11875,18212
PRJ-039,2026-07-01,11875,17163
PRJ-039,2026-08-01,11875,12813
PRJ-039,2026-09-01,11875,16818
PRJ-039,2026-10-01,0,5000
PRJ-039,2026-11-01,11875,
PRJ-039,2026-12-01,11875,
PRJ-040,2026-05-01,28750,30409
PRJ-040,2026-06-01,28750,28252
PRJ-040,2026-07-01,28750,34238
PRJ-040,2026-08-01,28750,26037
PRJ-040,2026-09-01,0,23575
PRJ-040,2026-10-01,28750,
PRJ-040,2026-11-01,28750,
PRJ-040,2026-12-01,28750,
PRJ-041,2026-04-01,94285,102975
PRJ-041,2026-05-01,94285,102191
PRJ-041,2026-06-01,94285,84562
PRJ-041,2026-07-01,94285,95903
PRJ-041,2026-08-01,94285,86919
PRJ-041,2026-09-01,94285,75809
PRJ-041,2026-10-01,94285,
PRJ-042,2026-05-01,44000,30064
PRJ-042,2026-06-01,44000,31990
PRJ-042,2026-07-01,44000,39602
PRJ-042,2026-08-01,44000,34836
PRJ-042,2026-09-01,44000,43302
PRJ-043,2026-03-01,32500,33911
PRJ-043,2026-04-01,32500,40859
PRJ-043,2026-05-01,32500,35470
PRJ-043,2026-06-01,32500,35023
PRJ-043,2026-07-01,32500,31601
PRJ-043,2026-08-01,32500,35883
PRJ-044,2026-02-01,156000,148850
PRJ-044,2026-03-01,156000,156312
PRJ-044,2026-04-01,156000,186776
PRJ-044,2026-05-01,156000,183449
PRJ-044,2026-06-01,156000,173552
PRJ-046,2026-03-01,52222,41932
PRJ-046,2026-04-01,52222,53503
PRJ-046,2026-05-01,52222,40852
PRJ-046,2026-06-01,52222,58391
PRJ-046,2026-07-01,52222,42851
PRJ-046,2026-08-01,52222,47944
PRJ-046,2026-09-01,52222,51411
PRJ-046,2026-10-01,52222,
PRJ-046,2026-11-01,52222,
PRJ-047,2026-05-01,63750,78543
PRJ-047,2026-06-01,63750,63965
PRJ-047,2026-07-01,63750,69786
PRJ-047,2026-08-01,63750,69165
PRJ-047,2026-09-01,63750,59495
PRJ-047,2026-10-01,63750,
PRJ-047,2026-11-01,63750,
PRJ-047,2026-12-01,63750,
PRJ-048,2026-04-01,147500,220892
PRJ-048,2026-05-01,147500,209182
PRJ-048,2026-06-01,147500,221798
PRJ-048,2026-07-01,147500,190452
PRJ-048,2026-08-01,147500,190839
PRJ-048,2026-09-01,147500,221478
PRJ-035,2026-08-01,105000,154553
PRJ-028,2026-03-01,13571,14594
PRJ-019,2026-05-01,88888,89966
PRJ-020,2026-05-01,28125,32201
PRJ-019,2026-01-01,88888,93976
PRJ-037,2026-03-01,47142,53393
PRJ-018,2026-05-01,140000,
PRJ-015,2026-07-01,41666,45267
PRJ-034,2026-03-01,66666,46426
PRJ-033,2026-05-01,84000,
